-- Shannox wp all entry
DELETE FROM creature_addon WHERE guid IN (260587,299834,300073,300332);
INSERT INTO `creature_addon` VALUES ('260587', '4004290', '0', '0', '1', '0', '');
INSERT INTO `creature_addon` VALUES ('299834', '299834', '0', '0', '1', '0', '');
INSERT INTO `creature_addon` VALUES ('300073', '300073', '0', '0', '1', '0', '');
INSERT INTO `creature_addon` VALUES ('300332', '300332', '0', '0', '1', '0', '');
DELETE FROM waypoint_data WHERE id IN (4004290,260587,299834,300073,300332);
INSERT INTO `waypoint_data` VALUES ('260587', '1', '-241.456', '103.116', '47.8124', '0', '0', '0', '0', '100', '0', '0');
INSERT INTO `waypoint_data` VALUES ('260587', '2', '-271.088', '81.0518', '46.1824', '0', '0', '0', '0', '100', '0', '0');
INSERT INTO `waypoint_data` VALUES ('260587', '3', '-286.624', '72.0301', '46.1577', '0', '0', '0', '0', '100', '0', '0');
INSERT INTO `waypoint_data` VALUES ('260587', '4', '-317.144', '66.7632', '46.1577', '0', '0', '0', '0', '100', '0', '0');
INSERT INTO `waypoint_data` VALUES ('260587', '5', '-321.03', '43.0768', '46.1577', '0', '0', '0', '0', '100', '0', '0');
INSERT INTO `waypoint_data` VALUES ('260587', '6', '-305.882', '25.3226', '46.1577', '0', '0', '0', '0', '100', '0', '0');
INSERT INTO `waypoint_data` VALUES ('260587', '7', '-306.426', '-2.57413', '46.1576', '0', '0', '0', '0', '100', '0', '0');
INSERT INTO `waypoint_data` VALUES ('260587', '8', '-316.167', '-17.6987', '46.1576', '0', '0', '0', '0', '100', '0', '0');
INSERT INTO `waypoint_data` VALUES ('260587', '9', '-318.101', '-32.8989', '46.1576', '0', '0', '0', '0', '100', '0', '0');
INSERT INTO `waypoint_data` VALUES ('260587', '10', '-321.495', '-48.4758', '46.1576', '0', '0', '0', '0', '100', '0', '0');
INSERT INTO `waypoint_data` VALUES ('260587', '11', '-302.064', '-74.2203', '46.1576', '0', '0', '0', '0', '100', '0', '0');
INSERT INTO `waypoint_data` VALUES ('260587', '12', '-299.831', '-91.8059', '46.1576', '0', '0', '0', '0', '100', '0', '0');
INSERT INTO `waypoint_data` VALUES ('260587', '13', '-291.714', '-109.743', '45.8785', '0', '0', '0', '0', '100', '0', '0');
INSERT INTO `waypoint_data` VALUES ('260587', '14', '-245.637', '-172.116', '54.2827', '0', '0', '0', '0', '100', '0', '0');
INSERT INTO `waypoint_data` VALUES ('260587', '15', '-207.106', '-214.714', '54.4089', '0', '0', '0', '0', '100', '0', '0');
INSERT INTO `waypoint_data` VALUES ('260587', '16', '-188.044', '-236.142', '55.6893', '0', '0', '0', '0', '100', '0', '0');
INSERT INTO `waypoint_data` VALUES ('260587', '17', '-162.902', '-236.733', '55.6823', '0', '0', '0', '0', '100', '0', '0');
INSERT INTO `waypoint_data` VALUES ('260587', '18', '-121.679', '-205.623', '57.118', '0', '0', '0', '0', '100', '0', '0');
INSERT INTO `waypoint_data` VALUES ('260587', '19', '-112.426', '-158.936', '57.0601', '0', '0', '0', '0', '100', '0', '0');
INSERT INTO `waypoint_data` VALUES ('260587', '20', '-77.8603', '-116.232', '56.9446', '0', '0', '0', '0', '100', '0', '0');
INSERT INTO `waypoint_data` VALUES ('260587', '21', '-56.0388', '-35.9044', '57.493', '0', '0', '0', '0', '100', '0', '0');
INSERT INTO `waypoint_data` VALUES ('260587', '22', '-35.8763', '57.4226', '56.416', '0', '0', '0', '0', '100', '0', '0');
INSERT INTO `waypoint_data` VALUES ('260587', '23', '-14.6843', '90.8993', '56.6997', '0', '0', '0', '0', '100', '0', '0');
INSERT INTO `waypoint_data` VALUES ('260587', '24', '19.3909', '166.628', '46.1518', '0', '0', '0', '0', '100', '0', '0');
INSERT INTO `waypoint_data` VALUES ('260587', '25', '-5.42823', '199.746', '47.5595', '0', '0', '0', '0', '100', '0', '0');
INSERT INTO `waypoint_data` VALUES ('260587', '26', '-74.926', '172.977', '44.7473', '0', '0', '0', '0', '100', '0', '0');
INSERT INTO `waypoint_data` VALUES ('260587', '27', '-123.932', '192.076', '46.1569', '0', '0', '0', '0', '100', '0', '0');
INSERT INTO `waypoint_data` VALUES ('260587', '28', '-148.453', '189.73', '46.1569', '0', '0', '0', '0', '100', '0', '0');
INSERT INTO `waypoint_data` VALUES ('260587', '29', '-176.173', '174.809', '46.402', '0', '0', '0', '0', '100', '0', '0');
INSERT INTO `waypoint_data` VALUES ('260587', '30', '-189.397', '172.102', '46.6773', '0', '0', '0', '0', '100', '0', '0');
INSERT INTO `waypoint_data` VALUES ('260587', '31', '-235.357', '136.817', '49.1653', '0', '0', '0', '0', '100', '0', '0');
INSERT INTO `waypoint_data` VALUES ('260587', '32', '-241.792', '109.354', '48.2423', '0', '0', '0', '0', '100', '0', '0');
INSERT INTO `waypoint_data` VALUES ('299834', '1', '-241.456', '103.116', '47.8124', '0', '0', '0', '0', '100', '0', '0');
INSERT INTO `waypoint_data` VALUES ('299834', '2', '-271.088', '81.0518', '46.1824', '0', '0', '0', '0', '100', '0', '0');
INSERT INTO `waypoint_data` VALUES ('299834', '3', '-286.624', '72.0301', '46.1577', '0', '0', '0', '0', '100', '0', '0');
INSERT INTO `waypoint_data` VALUES ('299834', '4', '-317.144', '66.7632', '46.1577', '0', '0', '0', '0', '100', '0', '0');
INSERT INTO `waypoint_data` VALUES ('299834', '5', '-321.03', '43.0768', '46.1577', '0', '0', '0', '0', '100', '0', '0');
INSERT INTO `waypoint_data` VALUES ('299834', '6', '-305.882', '25.3226', '46.1577', '0', '0', '0', '0', '100', '0', '0');
INSERT INTO `waypoint_data` VALUES ('299834', '7', '-306.426', '-2.57413', '46.1576', '0', '0', '0', '0', '100', '0', '0');
INSERT INTO `waypoint_data` VALUES ('299834', '8', '-316.167', '-17.6987', '46.1576', '0', '0', '0', '0', '100', '0', '0');
INSERT INTO `waypoint_data` VALUES ('299834', '9', '-318.101', '-32.8989', '46.1576', '0', '0', '0', '0', '100', '0', '0');
INSERT INTO `waypoint_data` VALUES ('299834', '10', '-321.495', '-48.4758', '46.1576', '0', '0', '0', '0', '100', '0', '0');
INSERT INTO `waypoint_data` VALUES ('299834', '11', '-302.064', '-74.2203', '46.1576', '0', '0', '0', '0', '100', '0', '0');
INSERT INTO `waypoint_data` VALUES ('299834', '12', '-299.831', '-91.8059', '46.1576', '0', '0', '0', '0', '100', '0', '0');
INSERT INTO `waypoint_data` VALUES ('299834', '13', '-291.714', '-109.743', '45.8785', '0', '0', '0', '0', '100', '0', '0');
INSERT INTO `waypoint_data` VALUES ('299834', '14', '-245.637', '-172.116', '54.2827', '0', '0', '0', '0', '100', '0', '0');
INSERT INTO `waypoint_data` VALUES ('299834', '15', '-207.106', '-214.714', '54.4089', '0', '0', '0', '0', '100', '0', '0');
INSERT INTO `waypoint_data` VALUES ('299834', '16', '-188.044', '-236.142', '55.6893', '0', '0', '0', '0', '100', '0', '0');
INSERT INTO `waypoint_data` VALUES ('299834', '17', '-162.902', '-236.733', '55.6823', '0', '0', '0', '0', '100', '0', '0');
INSERT INTO `waypoint_data` VALUES ('299834', '18', '-121.679', '-205.623', '57.118', '0', '0', '0', '0', '100', '0', '0');
INSERT INTO `waypoint_data` VALUES ('299834', '19', '-112.426', '-158.936', '57.0601', '0', '0', '0', '0', '100', '0', '0');
INSERT INTO `waypoint_data` VALUES ('299834', '20', '-77.8603', '-116.232', '56.9446', '0', '0', '0', '0', '100', '0', '0');
INSERT INTO `waypoint_data` VALUES ('299834', '21', '-56.0388', '-35.9044', '57.493', '0', '0', '0', '0', '100', '0', '0');
INSERT INTO `waypoint_data` VALUES ('299834', '22', '-35.8763', '57.4226', '56.416', '0', '0', '0', '0', '100', '0', '0');
INSERT INTO `waypoint_data` VALUES ('299834', '23', '-14.6843', '90.8993', '56.6997', '0', '0', '0', '0', '100', '0', '0');
INSERT INTO `waypoint_data` VALUES ('299834', '24', '19.3909', '166.628', '46.1518', '0', '0', '0', '0', '100', '0', '0');
INSERT INTO `waypoint_data` VALUES ('299834', '25', '-5.42823', '199.746', '47.5595', '0', '0', '0', '0', '100', '0', '0');
INSERT INTO `waypoint_data` VALUES ('299834', '26', '-74.926', '172.977', '44.7473', '0', '0', '0', '0', '100', '0', '0');
INSERT INTO `waypoint_data` VALUES ('299834', '27', '-123.932', '192.076', '46.1569', '0', '0', '0', '0', '100', '0', '0');
INSERT INTO `waypoint_data` VALUES ('299834', '28', '-148.453', '189.73', '46.1569', '0', '0', '0', '0', '100', '0', '0');
INSERT INTO `waypoint_data` VALUES ('299834', '29', '-176.173', '174.809', '46.402', '0', '0', '0', '0', '100', '0', '0');
INSERT INTO `waypoint_data` VALUES ('299834', '30', '-189.397', '172.102', '46.6773', '0', '0', '0', '0', '100', '0', '0');
INSERT INTO `waypoint_data` VALUES ('299834', '31', '-235.357', '136.817', '49.1653', '0', '0', '0', '0', '100', '0', '0');
INSERT INTO `waypoint_data` VALUES ('299834', '32', '-241.792', '109.354', '48.2423', '0', '0', '0', '0', '100', '0', '0');
INSERT INTO `waypoint_data` VALUES ('300073', '1', '-241.456', '103.116', '47.8124', '0', '0', '0', '0', '100', '0', '0');
INSERT INTO `waypoint_data` VALUES ('300073', '2', '-271.088', '81.0518', '46.1824', '0', '0', '0', '0', '100', '0', '0');
INSERT INTO `waypoint_data` VALUES ('300073', '3', '-286.624', '72.0301', '46.1577', '0', '0', '0', '0', '100', '0', '0');
INSERT INTO `waypoint_data` VALUES ('300073', '4', '-317.144', '66.7632', '46.1577', '0', '0', '0', '0', '100', '0', '0');
INSERT INTO `waypoint_data` VALUES ('300073', '5', '-321.03', '43.0768', '46.1577', '0', '0', '0', '0', '100', '0', '0');
INSERT INTO `waypoint_data` VALUES ('300073', '6', '-305.882', '25.3226', '46.1577', '0', '0', '0', '0', '100', '0', '0');
INSERT INTO `waypoint_data` VALUES ('300073', '7', '-306.426', '-2.57413', '46.1576', '0', '0', '0', '0', '100', '0', '0');
INSERT INTO `waypoint_data` VALUES ('300073', '8', '-316.167', '-17.6987', '46.1576', '0', '0', '0', '0', '100', '0', '0');
INSERT INTO `waypoint_data` VALUES ('300073', '9', '-318.101', '-32.8989', '46.1576', '0', '0', '0', '0', '100', '0', '0');
INSERT INTO `waypoint_data` VALUES ('300073', '10', '-321.495', '-48.4758', '46.1576', '0', '0', '0', '0', '100', '0', '0');
INSERT INTO `waypoint_data` VALUES ('300073', '11', '-302.064', '-74.2203', '46.1576', '0', '0', '0', '0', '100', '0', '0');
INSERT INTO `waypoint_data` VALUES ('300073', '12', '-299.831', '-91.8059', '46.1576', '0', '0', '0', '0', '100', '0', '0');
INSERT INTO `waypoint_data` VALUES ('300073', '13', '-291.714', '-109.743', '45.8785', '0', '0', '0', '0', '100', '0', '0');
INSERT INTO `waypoint_data` VALUES ('300073', '14', '-245.637', '-172.116', '54.2827', '0', '0', '0', '0', '100', '0', '0');
INSERT INTO `waypoint_data` VALUES ('300073', '15', '-207.106', '-214.714', '54.4089', '0', '0', '0', '0', '100', '0', '0');
INSERT INTO `waypoint_data` VALUES ('300073', '16', '-188.044', '-236.142', '55.6893', '0', '0', '0', '0', '100', '0', '0');
INSERT INTO `waypoint_data` VALUES ('300073', '17', '-162.902', '-236.733', '55.6823', '0', '0', '0', '0', '100', '0', '0');
INSERT INTO `waypoint_data` VALUES ('300073', '18', '-121.679', '-205.623', '57.118', '0', '0', '0', '0', '100', '0', '0');
INSERT INTO `waypoint_data` VALUES ('300073', '19', '-112.426', '-158.936', '57.0601', '0', '0', '0', '0', '100', '0', '0');
INSERT INTO `waypoint_data` VALUES ('300073', '20', '-77.8603', '-116.232', '56.9446', '0', '0', '0', '0', '100', '0', '0');
INSERT INTO `waypoint_data` VALUES ('300073', '21', '-56.0388', '-35.9044', '57.493', '0', '0', '0', '0', '100', '0', '0');
INSERT INTO `waypoint_data` VALUES ('300073', '22', '-35.8763', '57.4226', '56.416', '0', '0', '0', '0', '100', '0', '0');
INSERT INTO `waypoint_data` VALUES ('300073', '23', '-14.6843', '90.8993', '56.6997', '0', '0', '0', '0', '100', '0', '0');
INSERT INTO `waypoint_data` VALUES ('300073', '24', '19.3909', '166.628', '46.1518', '0', '0', '0', '0', '100', '0', '0');
INSERT INTO `waypoint_data` VALUES ('300073', '25', '-5.42823', '199.746', '47.5595', '0', '0', '0', '0', '100', '0', '0');
INSERT INTO `waypoint_data` VALUES ('300073', '26', '-74.926', '172.977', '44.7473', '0', '0', '0', '0', '100', '0', '0');
INSERT INTO `waypoint_data` VALUES ('300073', '27', '-123.932', '192.076', '46.1569', '0', '0', '0', '0', '100', '0', '0');
INSERT INTO `waypoint_data` VALUES ('300073', '28', '-148.453', '189.73', '46.1569', '0', '0', '0', '0', '100', '0', '0');
INSERT INTO `waypoint_data` VALUES ('300073', '29', '-176.173', '174.809', '46.402', '0', '0', '0', '0', '100', '0', '0');
INSERT INTO `waypoint_data` VALUES ('300073', '30', '-189.397', '172.102', '46.6773', '0', '0', '0', '0', '100', '0', '0');
INSERT INTO `waypoint_data` VALUES ('300073', '31', '-235.357', '136.817', '49.1653', '0', '0', '0', '0', '100', '0', '0');
INSERT INTO `waypoint_data` VALUES ('300073', '32', '-241.792', '109.354', '48.2423', '0', '0', '0', '0', '100', '0', '0');
INSERT INTO `waypoint_data` VALUES ('300332', '1', '-241.456', '103.116', '47.8124', '0', '0', '0', '0', '100', '0', '0');
INSERT INTO `waypoint_data` VALUES ('300332', '2', '-271.088', '81.0518', '46.1824', '0', '0', '0', '0', '100', '0', '0');
INSERT INTO `waypoint_data` VALUES ('300332', '3', '-286.624', '72.0301', '46.1577', '0', '0', '0', '0', '100', '0', '0');
INSERT INTO `waypoint_data` VALUES ('300332', '4', '-317.144', '66.7632', '46.1577', '0', '0', '0', '0', '100', '0', '0');
INSERT INTO `waypoint_data` VALUES ('300332', '5', '-321.03', '43.0768', '46.1577', '0', '0', '0', '0', '100', '0', '0');
INSERT INTO `waypoint_data` VALUES ('300332', '6', '-305.882', '25.3226', '46.1577', '0', '0', '0', '0', '100', '0', '0');
INSERT INTO `waypoint_data` VALUES ('300332', '7', '-306.426', '-2.57413', '46.1576', '0', '0', '0', '0', '100', '0', '0');
INSERT INTO `waypoint_data` VALUES ('300332', '8', '-316.167', '-17.6987', '46.1576', '0', '0', '0', '0', '100', '0', '0');
INSERT INTO `waypoint_data` VALUES ('300332', '9', '-318.101', '-32.8989', '46.1576', '0', '0', '0', '0', '100', '0', '0');
INSERT INTO `waypoint_data` VALUES ('300332', '10', '-321.495', '-48.4758', '46.1576', '0', '0', '0', '0', '100', '0', '0');
INSERT INTO `waypoint_data` VALUES ('300332', '11', '-302.064', '-74.2203', '46.1576', '0', '0', '0', '0', '100', '0', '0');
INSERT INTO `waypoint_data` VALUES ('300332', '12', '-299.831', '-91.8059', '46.1576', '0', '0', '0', '0', '100', '0', '0');
INSERT INTO `waypoint_data` VALUES ('300332', '13', '-291.714', '-109.743', '45.8785', '0', '0', '0', '0', '100', '0', '0');
INSERT INTO `waypoint_data` VALUES ('300332', '14', '-245.637', '-172.116', '54.2827', '0', '0', '0', '0', '100', '0', '0');
INSERT INTO `waypoint_data` VALUES ('300332', '15', '-207.106', '-214.714', '54.4089', '0', '0', '0', '0', '100', '0', '0');
INSERT INTO `waypoint_data` VALUES ('300332', '16', '-188.044', '-236.142', '55.6893', '0', '0', '0', '0', '100', '0', '0');
INSERT INTO `waypoint_data` VALUES ('300332', '17', '-162.902', '-236.733', '55.6823', '0', '0', '0', '0', '100', '0', '0');
INSERT INTO `waypoint_data` VALUES ('300332', '18', '-121.679', '-205.623', '57.118', '0', '0', '0', '0', '100', '0', '0');
INSERT INTO `waypoint_data` VALUES ('300332', '19', '-112.426', '-158.936', '57.0601', '0', '0', '0', '0', '100', '0', '0');
INSERT INTO `waypoint_data` VALUES ('300332', '20', '-77.8603', '-116.232', '56.9446', '0', '0', '0', '0', '100', '0', '0');
INSERT INTO `waypoint_data` VALUES ('300332', '21', '-56.0388', '-35.9044', '57.493', '0', '0', '0', '0', '100', '0', '0');
INSERT INTO `waypoint_data` VALUES ('300332', '22', '-35.8763', '57.4226', '56.416', '0', '0', '0', '0', '100', '0', '0');
INSERT INTO `waypoint_data` VALUES ('300332', '23', '-14.6843', '90.8993', '56.6997', '0', '0', '0', '0', '100', '0', '0');
INSERT INTO `waypoint_data` VALUES ('300332', '24', '19.3909', '166.628', '46.1518', '0', '0', '0', '0', '100', '0', '0');
INSERT INTO `waypoint_data` VALUES ('300332', '25', '-5.42823', '199.746', '47.5595', '0', '0', '0', '0', '100', '0', '0');
INSERT INTO `waypoint_data` VALUES ('300332', '26', '-74.926', '172.977', '44.7473', '0', '0', '0', '0', '100', '0', '0');
INSERT INTO `waypoint_data` VALUES ('300332', '27', '-123.932', '192.076', '46.1569', '0', '0', '0', '0', '100', '0', '0');
INSERT INTO `waypoint_data` VALUES ('300332', '28', '-148.453', '189.73', '46.1569', '0', '0', '0', '0', '100', '0', '0');
INSERT INTO `waypoint_data` VALUES ('300332', '29', '-176.173', '174.809', '46.402', '0', '0', '0', '0', '100', '0', '0');
INSERT INTO `waypoint_data` VALUES ('300332', '30', '-189.397', '172.102', '46.6773', '0', '0', '0', '0', '100', '0', '0');
INSERT INTO `waypoint_data` VALUES ('300332', '31', '-235.357', '136.817', '49.1653', '0', '0', '0', '0', '100', '0', '0');
INSERT INTO `waypoint_data` VALUES ('300332', '32', '-241.792', '109.354', '48.2423', '0', '0', '0', '0', '100', '0', '0');

-- Molten Lord wp all  entry for the bridge npc
DELETE FROM creature_addon WHERE guid IN (280316,299673,299912,300171);
INSERT INTO `creature_addon` VALUES ('280316', '280316', '0', '0', '0', '0', null);
INSERT INTO `creature_addon` VALUES ('299673', '299673', '0', '0', '0', '0', null);
INSERT INTO `creature_addon` VALUES ('299912', '299912', '0', '0', '0', '0', null);
INSERT INTO `creature_addon` VALUES ('300171', '300171', '0', '0', '0', '0', null);
DELETE FROM waypoint_data WHERE id IN (280316,299673,299912,300171);      
INSERT INTO `waypoint_data` VALUES ('280316', '1', '-276.126', '-135.601', '46.371', '0', '0', '0', '0', '100', '0', '0');
INSERT INTO `waypoint_data` VALUES ('280316', '2', '-248.394', '-171.646', '54.2789', '0', '0', '0', '0', '100', '0', '0');
INSERT INTO `waypoint_data` VALUES ('280316', '3', '-220.64', '-203.168', '54.4089', '0', '0', '0', '0', '100', '0', '0');
INSERT INTO `waypoint_data` VALUES ('280316', '4', '-189.887', '-233.493', '55.6658', '0', '0', '0', '0', '100', '0', '0');
INSERT INTO `waypoint_data` VALUES ('280316', '5', '-156.477', '-234.027', '55.8855', '0', '0', '0', '0', '100', '0', '0');
INSERT INTO `waypoint_data` VALUES ('280316', '6', '-129.596', '-211.828', '57.118', '0', '0', '0', '0', '100', '0', '0');
INSERT INTO `waypoint_data` VALUES ('280316', '7', '-116.367', '-197.083', '57.1113', '0', '0', '0', '0', '100', '0', '0');
INSERT INTO `waypoint_data` VALUES ('280316', '8', '-115.863', '-164.473', '57.1179', '0', '0', '0', '0', '100', '0', '0');
INSERT INTO `waypoint_data` VALUES ('280316', '9', '-94.5995', '-132.38', '56.9516', '0', '0', '0', '0', '100', '0', '0');
INSERT INTO `waypoint_data` VALUES ('280316', '10', '-69.3151', '-87.8051', '56.8929', '0', '0', '0', '0', '100', '0', '0');
INSERT INTO `waypoint_data` VALUES ('280316', '11', '-56.8674', '-42.9385', '57.4931', '0', '0', '0', '0', '100', '0', '0');
INSERT INTO `waypoint_data` VALUES ('280316', '12', '-43.3326', '17.3714', '56.9659', '0', '0', '0', '0', '100', '0', '0');
INSERT INTO `waypoint_data` VALUES ('280316', '13', '-23.3178', '83.0549', '56.7996', '0', '0', '0', '0', '100', '0', '0');
INSERT INTO `waypoint_data` VALUES ('280316', '14', '12.8089', '138.806', '47.8579', '0', '0', '0', '0', '100', '0', '0');
INSERT INTO `waypoint_data` VALUES ('280316', '15', '10.6986', '181.764', '46.4159', '0', '0', '0', '0', '100', '0', '0');
INSERT INTO `waypoint_data` VALUES ('280316', '16', '-12.1107', '198.553', '47.6806', '0', '0', '0', '0', '100', '0', '0');
INSERT INTO `waypoint_data` VALUES ('280316', '17', '-26.9919', '195.508', '47.4692', '0', '0', '0', '0', '100', '0', '0');
INSERT INTO `waypoint_data` VALUES ('280316', '18', '-88.8692', '180.591', '44.5209', '0', '0', '0', '0', '100', '0', '0');
INSERT INTO `waypoint_data` VALUES ('280316', '19', '-127.936', '191.54', '46.1563', '0', '0', '0', '0', '100', '0', '0');
INSERT INTO `waypoint_data` VALUES ('280316', '20', '-168.321', '180.625', '46.2212', '0', '0', '0', '0', '100', '0', '0');
INSERT INTO `waypoint_data` VALUES ('280316', '21', '-224.916', '146.2', '48.6', '0', '0', '0', '0', '100', '0', '0');
INSERT INTO `waypoint_data` VALUES ('280316', '22', '-251.662', '95.7213', '47.062', '0', '0', '0', '0', '100', '0', '0');
INSERT INTO `waypoint_data` VALUES ('280316', '23', '-317.978', '64.0956', '46.1587', '0', '0', '0', '0', '100', '0', '0');
INSERT INTO `waypoint_data` VALUES ('280316', '24', '-310.172', '1.68593', '46.1576', '0', '0', '0', '0', '100', '0', '0');
INSERT INTO `waypoint_data` VALUES ('280316', '25', '-315.589', '-49.3148', '46.1576', '0', '0', '0', '0', '100', '0', '0');
INSERT INTO `waypoint_data` VALUES ('280316', '26', '-276.963', '-134.183', '46.1771', '0', '0', '0', '0', '100', '0', '0');
INSERT INTO `waypoint_data` VALUES ('299673', '1', '-276.126', '-135.601', '46.371', '0', '0', '0', '0', '100', '0', '0');
INSERT INTO `waypoint_data` VALUES ('299673', '2', '-248.394', '-171.646', '54.2789', '0', '0', '0', '0', '100', '0', '0');
INSERT INTO `waypoint_data` VALUES ('299673', '3', '-220.64', '-203.168', '54.4089', '0', '0', '0', '0', '100', '0', '0');
INSERT INTO `waypoint_data` VALUES ('299673', '4', '-189.887', '-233.493', '55.6658', '0', '0', '0', '0', '100', '0', '0');
INSERT INTO `waypoint_data` VALUES ('299673', '5', '-156.477', '-234.027', '55.8855', '0', '0', '0', '0', '100', '0', '0');
INSERT INTO `waypoint_data` VALUES ('299673', '6', '-129.596', '-211.828', '57.118', '0', '0', '0', '0', '100', '0', '0');
INSERT INTO `waypoint_data` VALUES ('299673', '7', '-116.367', '-197.083', '57.1113', '0', '0', '0', '0', '100', '0', '0');
INSERT INTO `waypoint_data` VALUES ('299673', '8', '-115.863', '-164.473', '57.1179', '0', '0', '0', '0', '100', '0', '0');
INSERT INTO `waypoint_data` VALUES ('299673', '9', '-94.5995', '-132.38', '56.9516', '0', '0', '0', '0', '100', '0', '0');
INSERT INTO `waypoint_data` VALUES ('299673', '10', '-69.3151', '-87.8051', '56.8929', '0', '0', '0', '0', '100', '0', '0');
INSERT INTO `waypoint_data` VALUES ('299673', '11', '-56.8674', '-42.9385', '57.4931', '0', '0', '0', '0', '100', '0', '0');
INSERT INTO `waypoint_data` VALUES ('299673', '12', '-43.3326', '17.3714', '56.9659', '0', '0', '0', '0', '100', '0', '0');
INSERT INTO `waypoint_data` VALUES ('299673', '13', '-23.3178', '83.0549', '56.7996', '0', '0', '0', '0', '100', '0', '0');
INSERT INTO `waypoint_data` VALUES ('299673', '14', '12.8089', '138.806', '47.8579', '0', '0', '0', '0', '100', '0', '0');
INSERT INTO `waypoint_data` VALUES ('299673', '15', '10.6986', '181.764', '46.4159', '0', '0', '0', '0', '100', '0', '0');
INSERT INTO `waypoint_data` VALUES ('299673', '16', '-12.1107', '198.553', '47.6806', '0', '0', '0', '0', '100', '0', '0');
INSERT INTO `waypoint_data` VALUES ('299673', '17', '-26.9919', '195.508', '47.4692', '0', '0', '0', '0', '100', '0', '0');
INSERT INTO `waypoint_data` VALUES ('299673', '18', '-88.8692', '180.591', '44.5209', '0', '0', '0', '0', '100', '0', '0');
INSERT INTO `waypoint_data` VALUES ('299673', '19', '-127.936', '191.54', '46.1563', '0', '0', '0', '0', '100', '0', '0');
INSERT INTO `waypoint_data` VALUES ('299673', '20', '-168.321', '180.625', '46.2212', '0', '0', '0', '0', '100', '0', '0');
INSERT INTO `waypoint_data` VALUES ('299673', '21', '-224.916', '146.2', '48.6', '0', '0', '0', '0', '100', '0', '0');
INSERT INTO `waypoint_data` VALUES ('299673', '22', '-251.662', '95.7213', '47.062', '0', '0', '0', '0', '100', '0', '0');
INSERT INTO `waypoint_data` VALUES ('299673', '23', '-317.978', '64.0956', '46.1587', '0', '0', '0', '0', '100', '0', '0');
INSERT INTO `waypoint_data` VALUES ('299673', '24', '-310.172', '1.68593', '46.1576', '0', '0', '0', '0', '100', '0', '0');
INSERT INTO `waypoint_data` VALUES ('299673', '25', '-315.589', '-49.3148', '46.1576', '0', '0', '0', '0', '100', '0', '0');
INSERT INTO `waypoint_data` VALUES ('299673', '26', '-276.963', '-134.183', '46.1771', '0', '0', '0', '0', '100', '0', '0');
INSERT INTO `waypoint_data` VALUES ('299912', '1', '-276.126', '-135.601', '46.371', '0', '0', '0', '0', '100', '0', '0');
INSERT INTO `waypoint_data` VALUES ('299912', '2', '-248.394', '-171.646', '54.2789', '0', '0', '0', '0', '100', '0', '0');
INSERT INTO `waypoint_data` VALUES ('299912', '3', '-220.64', '-203.168', '54.4089', '0', '0', '0', '0', '100', '0', '0');
INSERT INTO `waypoint_data` VALUES ('299912', '4', '-189.887', '-233.493', '55.6658', '0', '0', '0', '0', '100', '0', '0');
INSERT INTO `waypoint_data` VALUES ('299912', '5', '-156.477', '-234.027', '55.8855', '0', '0', '0', '0', '100', '0', '0');
INSERT INTO `waypoint_data` VALUES ('299912', '6', '-129.596', '-211.828', '57.118', '0', '0', '0', '0', '100', '0', '0');
INSERT INTO `waypoint_data` VALUES ('299912', '7', '-116.367', '-197.083', '57.1113', '0', '0', '0', '0', '100', '0', '0');
INSERT INTO `waypoint_data` VALUES ('299912', '8', '-115.863', '-164.473', '57.1179', '0', '0', '0', '0', '100', '0', '0');
INSERT INTO `waypoint_data` VALUES ('299912', '9', '-94.5995', '-132.38', '56.9516', '0', '0', '0', '0', '100', '0', '0');
INSERT INTO `waypoint_data` VALUES ('299912', '10', '-69.3151', '-87.8051', '56.8929', '0', '0', '0', '0', '100', '0', '0');
INSERT INTO `waypoint_data` VALUES ('299912', '11', '-56.8674', '-42.9385', '57.4931', '0', '0', '0', '0', '100', '0', '0');
INSERT INTO `waypoint_data` VALUES ('299912', '12', '-43.3326', '17.3714', '56.9659', '0', '0', '0', '0', '100', '0', '0');
INSERT INTO `waypoint_data` VALUES ('299912', '13', '-23.3178', '83.0549', '56.7996', '0', '0', '0', '0', '100', '0', '0');
INSERT INTO `waypoint_data` VALUES ('299912', '14', '12.8089', '138.806', '47.8579', '0', '0', '0', '0', '100', '0', '0');
INSERT INTO `waypoint_data` VALUES ('299912', '15', '10.6986', '181.764', '46.4159', '0', '0', '0', '0', '100', '0', '0');
INSERT INTO `waypoint_data` VALUES ('299912', '16', '-12.1107', '198.553', '47.6806', '0', '0', '0', '0', '100', '0', '0');
INSERT INTO `waypoint_data` VALUES ('299912', '17', '-26.9919', '195.508', '47.4692', '0', '0', '0', '0', '100', '0', '0');
INSERT INTO `waypoint_data` VALUES ('299912', '18', '-88.8692', '180.591', '44.5209', '0', '0', '0', '0', '100', '0', '0');
INSERT INTO `waypoint_data` VALUES ('299912', '19', '-127.936', '191.54', '46.1563', '0', '0', '0', '0', '100', '0', '0');
INSERT INTO `waypoint_data` VALUES ('299912', '20', '-168.321', '180.625', '46.2212', '0', '0', '0', '0', '100', '0', '0');
INSERT INTO `waypoint_data` VALUES ('299912', '21', '-224.916', '146.2', '48.6', '0', '0', '0', '0', '100', '0', '0');
INSERT INTO `waypoint_data` VALUES ('299912', '22', '-251.662', '95.7213', '47.062', '0', '0', '0', '0', '100', '0', '0');
INSERT INTO `waypoint_data` VALUES ('299912', '23', '-317.978', '64.0956', '46.1587', '0', '0', '0', '0', '100', '0', '0');
INSERT INTO `waypoint_data` VALUES ('299912', '24', '-310.172', '1.68593', '46.1576', '0', '0', '0', '0', '100', '0', '0');
INSERT INTO `waypoint_data` VALUES ('299912', '25', '-315.589', '-49.3148', '46.1576', '0', '0', '0', '0', '100', '0', '0');
INSERT INTO `waypoint_data` VALUES ('299912', '26', '-276.963', '-134.183', '46.1771', '0', '0', '0', '0', '100', '0', '0');
INSERT INTO `waypoint_data` VALUES ('300171', '1', '-276.126', '-135.601', '46.371', '0', '0', '0', '0', '100', '0', '0');
INSERT INTO `waypoint_data` VALUES ('300171', '2', '-248.394', '-171.646', '54.2789', '0', '0', '0', '0', '100', '0', '0');
INSERT INTO `waypoint_data` VALUES ('300171', '3', '-220.64', '-203.168', '54.4089', '0', '0', '0', '0', '100', '0', '0');
INSERT INTO `waypoint_data` VALUES ('300171', '4', '-189.887', '-233.493', '55.6658', '0', '0', '0', '0', '100', '0', '0');
INSERT INTO `waypoint_data` VALUES ('300171', '5', '-156.477', '-234.027', '55.8855', '0', '0', '0', '0', '100', '0', '0');
INSERT INTO `waypoint_data` VALUES ('300171', '6', '-129.596', '-211.828', '57.118', '0', '0', '0', '0', '100', '0', '0');
INSERT INTO `waypoint_data` VALUES ('300171', '7', '-116.367', '-197.083', '57.1113', '0', '0', '0', '0', '100', '0', '0');
INSERT INTO `waypoint_data` VALUES ('300171', '8', '-115.863', '-164.473', '57.1179', '0', '0', '0', '0', '100', '0', '0');
INSERT INTO `waypoint_data` VALUES ('300171', '9', '-94.5995', '-132.38', '56.9516', '0', '0', '0', '0', '100', '0', '0');
INSERT INTO `waypoint_data` VALUES ('300171', '10', '-69.3151', '-87.8051', '56.8929', '0', '0', '0', '0', '100', '0', '0');
INSERT INTO `waypoint_data` VALUES ('300171', '11', '-56.8674', '-42.9385', '57.4931', '0', '0', '0', '0', '100', '0', '0');
INSERT INTO `waypoint_data` VALUES ('300171', '12', '-43.3326', '17.3714', '56.9659', '0', '0', '0', '0', '100', '0', '0');
INSERT INTO `waypoint_data` VALUES ('300171', '13', '-23.3178', '83.0549', '56.7996', '0', '0', '0', '0', '100', '0', '0');
INSERT INTO `waypoint_data` VALUES ('300171', '14', '12.8089', '138.806', '47.8579', '0', '0', '0', '0', '100', '0', '0');
INSERT INTO `waypoint_data` VALUES ('300171', '15', '10.6986', '181.764', '46.4159', '0', '0', '0', '0', '100', '0', '0');
INSERT INTO `waypoint_data` VALUES ('300171', '16', '-12.1107', '198.553', '47.6806', '0', '0', '0', '0', '100', '0', '0');
INSERT INTO `waypoint_data` VALUES ('300171', '17', '-26.9919', '195.508', '47.4692', '0', '0', '0', '0', '100', '0', '0');
INSERT INTO `waypoint_data` VALUES ('300171', '18', '-88.8692', '180.591', '44.5209', '0', '0', '0', '0', '100', '0', '0');
INSERT INTO `waypoint_data` VALUES ('300171', '19', '-127.936', '191.54', '46.1563', '0', '0', '0', '0', '100', '0', '0');
INSERT INTO `waypoint_data` VALUES ('300171', '20', '-168.321', '180.625', '46.2212', '0', '0', '0', '0', '100', '0', '0');
INSERT INTO `waypoint_data` VALUES ('300171', '21', '-224.916', '146.2', '48.6', '0', '0', '0', '0', '100', '0', '0');
INSERT INTO `waypoint_data` VALUES ('300171', '22', '-251.662', '95.7213', '47.062', '0', '0', '0', '0', '100', '0', '0');
INSERT INTO `waypoint_data` VALUES ('300171', '23', '-317.978', '64.0956', '46.1587', '0', '0', '0', '0', '100', '0', '0');
INSERT INTO `waypoint_data` VALUES ('300171', '24', '-310.172', '1.68593', '46.1576', '0', '0', '0', '0', '100', '0', '0');
INSERT INTO `waypoint_data` VALUES ('300171', '25', '-315.589', '-49.3148', '46.1576', '0', '0', '0', '0', '100', '0', '0');
INSERT INTO `waypoint_data` VALUES ('300171', '26', '-276.963', '-134.183', '46.1771', '0', '0', '0', '0', '100', '0', '0');

-- Molten Lord wp all  entry for the start entrance npc
DELETE FROM creature_addon WHERE guid IN (280314,299671,299910,300169);
INSERT INTO `creature_addon` VALUES ('280314', '280314', '0', '0', '0', '0', null);
INSERT INTO `creature_addon` VALUES ('299671', '299671', '0', '0', '0', '0', null);
INSERT INTO `creature_addon` VALUES ('299910', '299910', '0', '0', '0', '0', null);
INSERT INTO `creature_addon` VALUES ('300169', '300169', '0', '0', '0', '0', null);
DELETE FROM waypoint_data WHERE id IN (280314,299671,299910,300169);

INSERT INTO `waypoint_data` VALUES ('280314', '1', '-440.101', '281.135', '82.7726', '0', '0', '0', '0', '100', '0', '0');
INSERT INTO `waypoint_data` VALUES ('280314', '2', '-425.262', '260.439', '72.1215', '0', '0', '0', '0', '100', '0', '0');
INSERT INTO `waypoint_data` VALUES ('280314', '3', '-402.12', '222.85', '54.3963', '0', '0', '0', '0', '100', '0', '0');
INSERT INTO `waypoint_data` VALUES ('280314', '4', '-396.945', '191.921', '52.4222', '0', '0', '0', '0', '100', '0', '0');
INSERT INTO `waypoint_data` VALUES ('280314', '5', '-386.587', '146.521', '48.6105', '0', '0', '0', '0', '100', '0', '0');
INSERT INTO `waypoint_data` VALUES ('280314', '6', '-366.277', '96.8205', '44.9276', '0', '0', '0', '0', '100', '0', '0');
INSERT INTO `waypoint_data` VALUES ('280314', '7', '-338.275', '83.7144', '46.1577', '0', '0', '0', '0', '100', '0', '0');
INSERT INTO `waypoint_data` VALUES ('280314', '8', '-322.11', '105.142', '44.9521', '0', '0', '0', '0', '100', '0', '0');
INSERT INTO `waypoint_data` VALUES ('280314', '9', '-336.857', '134.235', '45.1891', '0', '0', '0', '0', '100', '0', '0');
INSERT INTO `waypoint_data` VALUES ('280314', '10', '-359.754', '160.606', '48.1468', '0', '0', '0', '0', '100', '0', '0');
INSERT INTO `waypoint_data` VALUES ('280314', '11', '-378.526', '195.424', '52.6208', '0', '0', '0', '0', '100', '0', '0');
INSERT INTO `waypoint_data` VALUES ('280314', '12', '-394.333', '215.674', '51.3296', '0', '0', '0', '0', '100', '0', '0');
INSERT INTO `waypoint_data` VALUES ('280314', '13', '-415.272', '245.184', '64.5826', '0', '0', '0', '0', '100', '0', '0');
INSERT INTO `waypoint_data` VALUES ('280314', '14', '-437.055', '278.274', '80.9743', '0', '0', '0', '0', '100', '0', '0');
INSERT INTO `waypoint_data` VALUES ('299671', '1', '-440.101', '281.135', '82.7726', '0', '0', '0', '0', '100', '0', '0');
INSERT INTO `waypoint_data` VALUES ('299671', '2', '-425.262', '260.439', '72.1215', '0', '0', '0', '0', '100', '0', '0');
INSERT INTO `waypoint_data` VALUES ('299671', '3', '-402.12', '222.85', '54.3963', '0', '0', '0', '0', '100', '0', '0');
INSERT INTO `waypoint_data` VALUES ('299671', '4', '-396.945', '191.921', '52.4222', '0', '0', '0', '0', '100', '0', '0');
INSERT INTO `waypoint_data` VALUES ('299671', '5', '-386.587', '146.521', '48.6105', '0', '0', '0', '0', '100', '0', '0');
INSERT INTO `waypoint_data` VALUES ('299671', '6', '-366.277', '96.8205', '44.9276', '0', '0', '0', '0', '100', '0', '0');
INSERT INTO `waypoint_data` VALUES ('299671', '7', '-338.275', '83.7144', '46.1577', '0', '0', '0', '0', '100', '0', '0');
INSERT INTO `waypoint_data` VALUES ('299671', '8', '-322.11', '105.142', '44.9521', '0', '0', '0', '0', '100', '0', '0');
INSERT INTO `waypoint_data` VALUES ('299671', '9', '-336.857', '134.235', '45.1891', '0', '0', '0', '0', '100', '0', '0');
INSERT INTO `waypoint_data` VALUES ('299671', '10', '-359.754', '160.606', '48.1468', '0', '0', '0', '0', '100', '0', '0');
INSERT INTO `waypoint_data` VALUES ('299671', '11', '-378.526', '195.424', '52.6208', '0', '0', '0', '0', '100', '0', '0');
INSERT INTO `waypoint_data` VALUES ('299671', '12', '-394.333', '215.674', '51.3296', '0', '0', '0', '0', '100', '0', '0');
INSERT INTO `waypoint_data` VALUES ('299671', '13', '-415.272', '245.184', '64.5826', '0', '0', '0', '0', '100', '0', '0');
INSERT INTO `waypoint_data` VALUES ('299671', '14', '-437.055', '278.274', '80.9743', '0', '0', '0', '0', '100', '0', '0');
INSERT INTO `waypoint_data` VALUES ('299910', '1', '-440.101', '281.135', '82.7726', '0', '0', '0', '0', '100', '0', '0');
INSERT INTO `waypoint_data` VALUES ('299910', '2', '-425.262', '260.439', '72.1215', '0', '0', '0', '0', '100', '0', '0');
INSERT INTO `waypoint_data` VALUES ('299910', '3', '-402.12', '222.85', '54.3963', '0', '0', '0', '0', '100', '0', '0');
INSERT INTO `waypoint_data` VALUES ('299910', '4', '-396.945', '191.921', '52.4222', '0', '0', '0', '0', '100', '0', '0');
INSERT INTO `waypoint_data` VALUES ('299910', '5', '-386.587', '146.521', '48.6105', '0', '0', '0', '0', '100', '0', '0');
INSERT INTO `waypoint_data` VALUES ('299910', '6', '-366.277', '96.8205', '44.9276', '0', '0', '0', '0', '100', '0', '0');
INSERT INTO `waypoint_data` VALUES ('299910', '7', '-338.275', '83.7144', '46.1577', '0', '0', '0', '0', '100', '0', '0');
INSERT INTO `waypoint_data` VALUES ('299910', '8', '-322.11', '105.142', '44.9521', '0', '0', '0', '0', '100', '0', '0');
INSERT INTO `waypoint_data` VALUES ('299910', '9', '-336.857', '134.235', '45.1891', '0', '0', '0', '0', '100', '0', '0');
INSERT INTO `waypoint_data` VALUES ('299910', '10', '-359.754', '160.606', '48.1468', '0', '0', '0', '0', '100', '0', '0');
INSERT INTO `waypoint_data` VALUES ('299910', '11', '-378.526', '195.424', '52.6208', '0', '0', '0', '0', '100', '0', '0');
INSERT INTO `waypoint_data` VALUES ('299910', '12', '-394.333', '215.674', '51.3296', '0', '0', '0', '0', '100', '0', '0');
INSERT INTO `waypoint_data` VALUES ('299910', '13', '-415.272', '245.184', '64.5826', '0', '0', '0', '0', '100', '0', '0');
INSERT INTO `waypoint_data` VALUES ('299910', '14', '-437.055', '278.274', '80.9743', '0', '0', '0', '0', '100', '0', '0');
INSERT INTO `waypoint_data` VALUES ('300169', '1', '-440.101', '281.135', '82.7726', '0', '0', '0', '0', '100', '0', '0');
INSERT INTO `waypoint_data` VALUES ('300169', '2', '-425.262', '260.439', '72.1215', '0', '0', '0', '0', '100', '0', '0');
INSERT INTO `waypoint_data` VALUES ('300169', '3', '-402.12', '222.85', '54.3963', '0', '0', '0', '0', '100', '0', '0');
INSERT INTO `waypoint_data` VALUES ('300169', '4', '-396.945', '191.921', '52.4222', '0', '0', '0', '0', '100', '0', '0');
INSERT INTO `waypoint_data` VALUES ('300169', '5', '-386.587', '146.521', '48.6105', '0', '0', '0', '0', '100', '0', '0');
INSERT INTO `waypoint_data` VALUES ('300169', '6', '-366.277', '96.8205', '44.9276', '0', '0', '0', '0', '100', '0', '0');
INSERT INTO `waypoint_data` VALUES ('300169', '7', '-338.275', '83.7144', '46.1577', '0', '0', '0', '0', '100', '0', '0');
INSERT INTO `waypoint_data` VALUES ('300169', '8', '-322.11', '105.142', '44.9521', '0', '0', '0', '0', '100', '0', '0');
INSERT INTO `waypoint_data` VALUES ('300169', '9', '-336.857', '134.235', '45.1891', '0', '0', '0', '0', '100', '0', '0');
INSERT INTO `waypoint_data` VALUES ('300169', '10', '-359.754', '160.606', '48.1468', '0', '0', '0', '0', '100', '0', '0');
INSERT INTO `waypoint_data` VALUES ('300169', '11', '-378.526', '195.424', '52.6208', '0', '0', '0', '0', '100', '0', '0');
INSERT INTO `waypoint_data` VALUES ('300169', '12', '-394.333', '215.674', '51.3296', '0', '0', '0', '0', '100', '0', '0');
INSERT INTO `waypoint_data` VALUES ('300169', '13', '-415.272', '245.184', '64.5826', '0', '0', '0', '0', '100', '0', '0');
INSERT INTO `waypoint_data` VALUES ('300169', '14', '-437.055', '278.274', '80.9743', '0', '0', '0', '0', '100', '0', '0');

-- Fireland objects that are exist in 10N
-- Details When boss Shanox die the object id=208873 guid=191038 name Fire Wall (Baleroc Door) must despwn to alowed players to move foward to next boss and when boss Baleroc dies the object id=209066 guid=191037 must despawn to alowed players to move foward to next boss so add that into the sxanox and baleroc scripts
DELETE FROM gameobject WHERE id=209066 AND map=720 AND spawnMask=1 AND phaseMask=1;
DELETE FROM gameobject WHERE id=208873 AND map=720 AND spawnMask=1 AND phaseMask=1;
INSERT INTO `gameobject` VALUES (191037, 209066, 720, 0, 0, 15, 1, -30.2994, -64.2117, 57.1917, 5.60496, 0, 0, 0.332652, -0.94305, 300, 0, 1); -- Fire Wall
INSERT INTO `gameobject` VALUES (191038, 208873, 720, 0, 0, 15, 1, 576.036, -61.7832, 90.3394, 5.60688, 0, 0, 0.331747, -0.943368, 300, 0, 1); -- Fire Wall (Baleroc Door)